{
  "collapse-filter": false,
  "search": "path:-(_Templates  )",
  "showTags": false,
  "showAttachments": false,
  "hideUnresolved": false,
  "showOrphans": true,
  "collapse-color-groups": false,
  "colorGroups": [
    {
      "query": "[\"entity_type\":\"threat_actor\"",
      "color": {
        "a": 1,
        "rgb": 14701138
      }
    },
    {
      "query": "[\"entity_type\":\"malware\"",
      "color": {
        "a": 1,
        "rgb": 14725458
      }
    },
    {
      "query": "[\"entity_type\":MITRE_technique",
      "color": {
        "a": 1,
        "rgb": 11657298
      }
    }
  ],
  "collapse-display": false,
  "showArrow": true,
  "textFadeMultiplier": 0,
  "nodeSizeMultiplier": 1.2484375,
  "lineSizeMultiplier": 1,
  "collapse-forces": true,
  "centerStrength": 0.518713248970312,
  "repelStrength": 10,
  "linkStrength": 1,
  "linkDistance": 250,
  "scale": 0.09392927902846976,
  "close": true
}